ABUSIVE,keterangan,,,,,,,,
buta,fisik,,,,,,,,
banci,fisik,,,,,,,,
bencong,fisik,,,,,,,,
bisu,fisik,,,,,,,,
budek,fisik,,,,Perilaku,43,,,
burik,fisik,,,,Fisik,24,,,
congor,fisik,,,,Status,20,,,
culun,fisik,,,,Seksualitas,13,,,
cupu,fisik,,,,Hewan,8,,,
gila,fisik,,,,Kecerdasan,8,,,
sarap,fisik,,,,Menjijikan,7,,, 
bokong,fisik,,,,Sumpah serapah,2,,,
sinting,fisik,,,,Total,125,,,
pantat,fisik,,,,,,,,
autis,fisik,,,,,,,,
picek,fisik,,,,,,,,
cacat,fisik,,,,,,,,
cct,fisik,,,,,,,,
cungkring,fisik,,,,,,,,
gembrot,fisik,,,,,,,,
gendut,fisik,,,,,,,,
koreng,fisik,,,,,,,,
krempeng,fisik,,,,,,,,
sipit,fisik,,,,,,,,
anjing,hewan,,,,,,,,
babi,hewan,,,,,,,,
bandot,hewan,,,,,,,,
buaya,hewan,,,,,,,,
celeng,hewan,,,,,,,,
kampret,hewan,,,,,,,,
monyet,hewan,,,,,,,,
onta,hewan,,,,,,,,
bego,kecerdasan,,,,,,,,
bodoh,kecerdasan,,,,,,,,
dongok,kecerdasan,,,,,,,,
dungu,kecerdasan,,,,,,,,
geblek,kecerdasan,,,,,,,,
goblok,kecerdasan,,,,,,,,
idiot,kecerdasan,,,,,,,,
tolol,kecerdasan,,,,,,,,
alay,kelakuan,,,,,,,,
ampas,kelakuan,,,,,,,,
keparat,kelakuan,,,,,,,,
anjir,kelakuan,,,,,,,,
bacot,kelakuan,,,,,,,,
bajingan,kelakuan,,,,,,,,
bangkai,kelakuan,,,,,,,,
bangsat,kelakuan,,,,,,,,
bejat,kelakuan,,,,,,,,
jancuk,kelakuan,,,,,,,,
berengsek,kelakuan,,,,,,,,
cocot,kelakuan,,,,,,,,
edan,kelakuan,,,,,,,,
iblis,kelakuan,,,,,,,,
jablay,kelakuan,,,,,,,,
kampang,kelakuan,,,,,,,,
kunti,kelakuan,,,,,,,,
tuyul,kelakuan,,,,,,,,
kunyuk,kelakuan,,,,,,,,
noob,kelakuan,,,,,,,,
pecun,kelakuan,,,,,,,,
sampah,kelakuan,,,,,,,,
setan,kelakuan,,,,,,,,
sompret,kelakuan,,,,,,,,
sontoloyo,kelakuan,,,,,,,,
ayam kampus,kelakuan,,,,,,,,
bispak,kelakuan,,,,,,,,
bisyar,kelakuan,,,,,,,,
bokep,kelakuan,,,,,,,,
taplak,kelakuan,,,,,,,,
gay,kelakuan,,,,,,,,
hina,kelakuan,,,,,,,,
homo,kelakuan,,,,,,,,
lesbi,kelakuan,,,,,,,,
lgbt,kelakuan,,,,,,,,
lonte,kelakuan,,,,,,,,
mucikari,kelakuan,,,,,,,,
munafik,kelakuan,,,,,,,,
nista,kelakuan,,,,,,,,
kejam,kelakuan,,,,,,,,
panastak,kelakuan,,,,,,,,
panasbung,kelakuan,,,,,,,,
serbet,kelakuan,,,,,,,,
berak,menjijikan,,,,,,,,
jamban,menjijikan,,,,,,,,
tai,menjijikan,,,,,,,,
ngewe,menjijikan,,,,,,,,
jijik,menjijikan,,,,,,,,
kacrut,menjijikan,,,,,,,,
najis,menjijikan,,,,,,,,
jembud,Seksualitas,,,,,,,,
jembut,Seksualitas,,,,,,,,
kimak,Seksualitas,,,,,,,,
kontol,Seksualitas,,,,,,,,
memek,Seksualitas,,,,,,,,
nete,Seksualitas,,,,,,,,
ngentot,Seksualitas,,,,,,,,
silit,Seksualitas,,,,,,,,
titit,Seksualitas,,,,,,,,
ngaceng,Seksualitas,,,,,,,,
porno,Seksualitas,,,,,,,,
seks,Seksualitas,,,,,,,,
sange,Seksualitas,,,,,,,,
gembel,status,,,,,,,,
kafir,status,,,,,,,,
modar,status,,,,,,,,
kampungan,status,,,,,,,,
perek,status,,,,,,,,
udik,status,,,,,,,,
antek,status,,,,,,,,
asing,status,,,,,,,,
ateis,status,,,,,,,,
sitip,status,,,,,,,,
bani kotak,status,,,,,,,,
bong,status,,,,,,,,
cebong,status,,,,,,,,
komunis,status,,,,,,,,
lengser,status,,,,,,,,
bani,status,,,,,,,,
pasukan nasi,status,,,,,,,,
rejim,status,,,,,,,,
rezim,status,,,,,,,,
transgender,status,,,,,,,,
mampus,sumpah serapah,,,,,,,,
terkutuk,sumpah serapah,,,,,,,,
